Affaire - Organisation,Affaire - ID,Affaire - PropriÃ©taire,Affaire - Titre,Personne - ğŸš¨ Source du lead (Obligatoire),Affaire - Affaire crÃ©Ã©e,Affaire - Valeur,Affaire - Heure de l'Ã©chec,Affaire - Date de conclusion,Affaire - Raison de la perte,Affaire - Statut,Affaire - ğŸ’¼ Client ?,Organisation - ID,Organisation - PropriÃ©taire,Organisation - Ã‰tiquette,Affaire - Fin de contrat
3C Metal,2403,Julien Ribeiro,Affaire 3C MÃ©tal,Market (Chasse SDR ),2023-03-03 15:12:23,3300,0,2023-05-17 13:47:37,0,GagnÃ©e,ğŸŸ¡ En cours,139601,Julien Ribeiro,Sales,0
88 Touches Procution,2320,Ahmed NAFAI,Affaire 88 Touches Production,Market (Formulaire),2022-12-14 14:18:07,7000,0,2022-12-16 09:07:25,0,GagnÃ©e,ğŸ’œ Client,138345,Pagna,Client,0
AQC,2248,Ahmed NAFAI,Affaire AQC,Market (Formulaire),2022-10-17 12:03:15,2000,2022-12-15 10:44:15,0,Plus de rÃ©ponse du prospect,Perdue,âŒ Deal perdu,135529,Julien Ribeiro,NURTURING,0
Abo Wind,2161,Jordan Camelo,Affaire Abo Wind,Market (Call SDR),2022-06-20 13:35:48,8000,2022-07-22 15:07:53,0,Prix,Perdue,âŒ Deal perdu,129232,Julien Ribeiro,Sales,0
Actemium,2354,Thibault,Affaire Actemium,Market (Formulaire),2023-01-25 17:18:49,10000,0,0,0,En cours,ğŸŸ¡ En cours,138806,Thibault,Sales,0
Actia Engineering Services,2358,Ahmed NAFAI,Affaire Actia Engineering Services,Market (Formulaire),2023-01-27 09:59:48,20000,0,0,0,En cours,ğŸŸ¡ En cours,138587,Ahmed NAFAI,Sales,0
Acuitis,2177,Jordan Camelo,Affaire Acuitis,Market (Call SDR),2022-07-25 18:08:24,4000,0,2022-08-16 08:30:05,0,GagnÃ©e,ğŸ’œ Client,133065,Maud,Client,0
Ad's Up Consulting,2478,Julien Ribeiro,Affaire Ad's Up Consulting,Market (Formulaire),2023-05-02 16:49:59,10000,0,0,0,En cours,0,128607,Julien Ribeiro,Sales,0
Adeka Polymer Additives Europe,2328,Jordan Camelo,Prospect Adeka,Market (Publi),2023-01-05 14:37:07,10000,0,0,0,En cours,ğŸŸ¡ En cours,135658,Jordan Camelo,Sales,0
Adista,2159,Jordan Camelo,Affaire Adista,Market (Formulaire),2022-06-16 11:30:20,35000,2023-01-16 09:30:49,0,Choix de rester avec fournisseur actuel,Perdue,âŒ Deal perdu,133828,Jordan Camelo,Offre en cours,0
Alice & Bob,2242,Julien Ribeiro,Affaire Alice & Bob,Market (Formulaire),2022-10-11 10:19:25,4000,2022-10-25 09:36:11,0,Cherchait plus dans le traditionnel + prix,Perdue,âŒ Deal perdu,135574,Julien Ribeiro,Offre en cours,0
Altametris,2464,Julien Ribeiro,Affaire Altametris,Market (Formulaire),2023-04-18 15:22:33,4000,0,0,0,En cours,0,140071,Julien Ribeiro,Sales,0
Altarea Cogedim,2324,Jordan Camelo,Prospect Alterea,Market (Formulaire),2022-12-22 10:22:55,42000,2023-03-08 15:17:19,0,Tarif,Perdue,âŒ Deal perdu,65466,Jordan Camelo,Sales,0
Altavia,2411,Jordan Camelo,Affaire Altavia,Event,2023-03-10 16:17:35,25000,0,0,0,En cours,ğŸŸ¡ En cours,97356,Jordan Camelo,Sales,0
Alto Ingenierie,2352,Julien Ribeiro,Affaire Alto Ingenierie,Market (Email),2023-01-25 11:45:21,4600,0,0,0,En cours,ğŸŸ¡ En cours,132034,Julien Ribeiro,Sales,0
Amala Partners,2218,Ahmed NAFAI,Affaire Amala Partners,Market (Formulaire),2022-09-26 11:55:57,3000,0,2022-12-14 14:43:36,0,GagnÃ©e,ğŸ’œ Client,135532,Pagna,Client,0
Amp Visual Tv,2445,Ahmed NAFAI,Affaire Amp Visual Tv,Prospection externe,2023-04-03 15:49:53,170000,0,0,0,En cours,0,135676,Ahmed NAFAI,Sales,0
Amplitude Studios,2329,Thibault,Affaire Amplitude Studios,Market (Publi),2023-01-05 15:38:14,4000,2023-01-16 11:36:18,0,Prix,Perdue,âŒ Deal perdu,135668,Thibault,NURTURING,0
Angers Loire DÃ©veloppement,2446,Julien Ribeiro,Affaire Angers Loire DÃ©veloppement,Market (Formulaire),2023-04-03 17:01:40,1200,0,2023-04-06 21:01:51,0,GagnÃ©e,ğŸ’œ Client,136065,Julien Ribeiro,Client,0
Another Brain,2387,Thibault,Affaire Another Brain,Chasse (Sales),2023-02-15 19:10:28,16000,0,2023-03-01 14:01:21,0,GagnÃ©e,ğŸ’œ Client,138394,Thibault,Sales,0
Antea France,2245,Jordan Camelo,Affaire Antea Group,Chasse (Sales),2022-10-13 11:04:40,83333,0,0,0,En cours,ğŸŸ¡ En cours,134753,Jordan Camelo,Sales,0
Anyama,2263,Ahmed NAFAI,Affaire Anyama,Market (Formulaire),2022-10-25 14:59:32,3000,2022-11-15 10:40:44,0,Prix,Perdue,âŒ Deal perdu,136070,Julien Ribeiro,NURTURING,0
Araxxe,2458,Ahmed NAFAI,Affaire Araxxe,Market (Call SDR),2023-04-14 16:38:58,5000,0,0,0,En cours,0,65917,Ahmed NAFAI,Sales,0
Arcadie,2316,Julien Ribeiro,Affaire Arcadie,Market (Formulaire),2022-12-06 15:31:14,3000,2023-01-23 09:33:52,0,Prix,Perdue,âŒ Deal perdu,88251,Julien Ribeiro,NURTURING,0
Association F3e,2170,Jordan Camelo,Affaire Association F3e,Market (Formulaire),2022-07-11 14:21:29,1000,2022-08-22 09:58:24,0,Plus de rÃ©ponse du prospect,Perdue,âŒ Deal perdu,134585,Julien Ribeiro,STOP,0
Asus,2234,Jordan Camelo,Affaire Asustek Computer,Event,2022-10-04 15:04:37,10000,2022-10-19 14:12:45,0,DOUBLON,Perdue,âŒ Deal perdu,135450,Jordan Camelo,Sales,0
Asygn,2287,Julien Ribeiro,Affaire Asygn,Market (Formulaire),2022-11-09 16:09:57,4000,0,2023-01-09 09:40:52,0,GagnÃ©e,ğŸ’œ Client,136575,Maud,Client,0
Atecna,2412,Julien Ribeiro,Affaire Atecna,Market (Publi),2023-03-14 11:31:01,8000,0,0,0,En cours,ğŸŸ¡ En cours,135675,Julien Ribeiro,SDR,0
Atlasformen,2306,Ahmed NAFAI,Affaire Atlasformen,Market (Formulaire),2022-11-28 16:22:51,10000,2022-12-26 11:14:52,0,Sujet non prioritaire,Perdue,âŒ Deal perdu,137972,AlisÃ©e Delon,NURTURING,0
Atopia,2362,Thibault,Affaire Atopia,Market (Formulaire),2023-01-31 10:25:59,5000,2023-02-28 09:40:24,0,Besoin insuffisant,Perdue,âŒ Deal perdu,138873,Thibault,NURTURING,0
Audiofils,2284,Julien Ribeiro,Affaire Audiofils,Market (Formulaire),2022-11-09 11:32:19,2500,0,2022-11-30 11:11:30,0,GagnÃ©e,ğŸ’œ Client,135656,Maud,Client,0
Avanteam,2288,Ahmed NAFAI,Affaire Avanteam,Market (Formulaire),2022-11-10 14:01:41,25000,2023-02-06 10:57:51,0,FonctionnalitÃ© manquante (prÃ©ciser),Perdue,0,135868,AlisÃ©e Delon,NURTURING,0
Ayming,2356,Thibault,Affaire Ayming,Chasse (Sales),2023-01-26 12:11:30,60000,0,0,0,En cours,ğŸŸ¡ En cours,138402,Thibault,Sales,0
Baam Productions,2323,Julien Ribeiro,Affaire Baam Productions,Market (Formulaire),2022-12-20 17:28:22,8500,2023-01-25 15:16:19,0,Besoin insuffisant,Perdue,âŒ Deal perdu,137543,Julien Ribeiro,STOP,0
Babel Doc - Babel Press,2475,Thibault,Affaire Babel Doc - Babel Press,Chasse (Sales),2023-04-28 15:01:58,12000,0,2023-05-02 10:16:30,0,GagnÃ©e,ğŸ’œ Client,90926,Thibault,Sales,0
Babymoov,2229,Ahmed NAFAI,Affaire Babymoov,Chasse (Sales),2022-09-29 16:19:07,10000,2023-02-20 10:14:02,0,Sujet non prioritaire,Perdue,âŒ Deal perdu,135561,Ahmed NAFAI,Sales,0
Baro D'Evel,2381,Julien Ribeiro,Affaire Barodevel,Market (Formulaire),2023-02-13 15:13:50,840,0,0,0,En cours,ğŸŸ¡ En cours,138874,Julien Ribeiro,Sales,0
Be Atex,2474,Julien Ribeiro,Affaire Be Atex,Market (Formulaire),2023-04-27 14:48:27,10000,0,0,0,En cours,0,140487,Julien Ribeiro,Sales,0
Belacom,2078,Jordan Camelo,Affaire Belacom,Chasse (Sales),2022-02-16 10:20:12,1000,2022-04-13 10:49:40,0,Sujet non prioritaire,Perdue,âŒ Deal perdu,85622,Julien Ribeiro,Sales,0
Berim,2333,Thibault,Affaire Berim,Chasse (Sales),2023-01-11 11:15:41,12000,0,0,0,En cours,ğŸŸ¡ En cours,60801,Thibault,Sales,0
Biesterfeld France,2448,Ahmed NAFAI,Affaire Biesterfeld France,Market (Formulaire),2023-04-04 13:10:38,10000,2023-04-28 10:18:30,0,Business Model - Prix pack Ã©levÃ©,Perdue,0,140037,Ahmed NAFAI,Sales,0
Bouge Ta Boite,2214,Julien Ribeiro,Affaire Bouge Ta Boite,Market (Formulaire),2022-09-23 12:23:17,1000,2022-10-04 09:48:40,0,Prix,Perdue,âŒ Deal perdu,135517,AlisÃ©e Delon,Sales,0
Bovis Fine Art,2297,Ahmed NAFAI,Affaire Bovis Fine Art,Market (Formulaire),2022-11-17 12:21:38,10000,2022-12-12 11:13:10,0,Concurrent retenu (prÃ©ciser lequel),Perdue,âŒ Deal perdu,137535,Ahmed NAFAI,Sales,0
Bred Banque Populaire,2433,Jordan Camelo,Affaire Bred Banque Populaire,Market (Formulaire),2023-03-28 11:15:19,130000,0,0,0,En cours,0,139779,Jordan Camelo,Sales,0
Brl Avocats,2487,Ahmed NAFAI,Affaire Brl Avocats,Market (Formulaire),2023-05-17 11:07:41,10000,0,0,0,En cours,0,56095,Ahmed NAFAI,Sales,0
Brunswick Group,2450,Ahmed NAFAI,Affaire Brunswick Group,Prospection externe,2023-04-05 17:07:44,30000,0,0,0,En cours,0,140048,Ahmed NAFAI,Sales,0
Btp.services,2258,Julien Ribeiro,Affaire Btp.services,Market (Formulaire),2022-10-21 12:15:20,2000,2022-11-18 09:51:23,0,PrÃ©lÃ¨vement,Perdue,âŒ Deal perdu,135571,Julien Ribeiro,Sales,0
CBI,2222,Ahmed NAFAI,Affaire CBI,Market (Formulaire),2022-09-26 16:49:32,15000,2022-11-14 09:31:21,0,Besoin insuffisant,Perdue,âŒ Deal perdu,135542,Ahmed NAFAI,NURTURING,0
Castelis,2466,Thibault,Affaire Castelis,Prospection externe,2023-04-19 17:11:23,15000,0,0,0,En cours,0,140064,Thibault,Sales,0
Cba Meubles,2277,Ahmed NAFAI,Affaire Cba Meubles,Market (Formulaire),2022-11-04 16:19:15,7500,2022-11-29 10:51:39,0,Concurrent retenu (prÃ©ciser lequel),Perdue,âŒ Deal perdu,136075,Julien Ribeiro,Sales,0
Ccfd-Terre Solidaire,2372,Thibault,Affaire Ccfd-Terre Solidaire,Market (Formulaire),2023-02-03 16:14:34,3300,0,0,0,En cours,ğŸŸ¡ En cours,138377,Thibault,Sales,0
Cenexi,2407,Thibault,Affaire Cenexi,Prospection externe,2023-03-07 10:52:13,14000,0,0,0,En cours,ğŸŸ¡ En cours,135996,Thibault,Sales,0
Cetih,2236,Ahmed NAFAI,Affaire Cetih,Market (Call SDR),2022-10-05 16:56:50,40000,0,0,0,En cours,ğŸŸ¡ En cours,124493,Ahmed NAFAI,Sales,0
Chambre De MÃ©tiers Et De L'Artisanat Auvergne RhÃ´ne-Alpes,2237,Ahmed NAFAI,Affaire Chambre De MÃ©tiers Et De L'Artisanat Auvergne RhÃ´ne-Alpes,Market (Formulaire),2022-10-07 10:05:31,25000,2022-11-04 15:46:25,0,FonctionnalitÃ© manquante (prÃ©ciser),Perdue,âŒ Deal perdu,130034,Ahmed NAFAI,Sales,0
Claranova,2167,Jordan Camelo,Affaire Claranova,Market (Formulaire),2022-07-04 17:15:43,20000,2022-11-04 12:01:32,0,Prix,Perdue,âŒ Deal perdu,132472,Jordan Camelo,Sales,0
Clearchannel,2326,Jordan Camelo,Affaire ClearChannel,Event,2023-01-02 14:24:41,50000,0,0,0,En cours,ğŸŸ¡ En cours,87422,Jordan Camelo,Sales,0
Cler,2428,Thibault,Affaire Cler,Market (Chasse SDR ),2023-03-21 17:10:25,4000,0,0,0,En cours,ğŸŸ¡ En cours,139625,Thibault,Sales,0
Cms Automatisme,2109,Jordan Camelo,Affaire Cms Automatisme,Market (Email),2022-04-05 16:15:45,5000,2022-06-29 17:17:06,0,Plus de rÃ©ponse du prospect,Perdue,âŒ Deal perdu,125478,Julien Ribeiro,Sales,0
Consoneo,2318,Julien Ribeiro,Affaire Consoneo,0,2022-12-09 11:02:11,5000,2022-12-16 16:29:37,0,Prix,Perdue,âŒ Deal perdu,138340,Julien Ribeiro,Sales,0
Corin Group,2427,Thibault,Affaire Corin Group,Market (Email),2023-03-21 15:54:58,12000,0,0,0,En cours,ğŸŸ¡ En cours,138863,Thibault,0,0
Courtois,2480,Julien Ribeiro,Affaire Courtois,Market (Formulaire),2023-05-05 14:33:19,5000,0,0,0,En cours,0,140749,Julien Ribeiro,Sales,0
Covaltex,2415,Ahmed NAFAI,Affaire Covaltex,Market (Formulaire),2023-03-16 12:17:33,5000,2023-03-30 14:40:35,0,Projet reportÃ©,Perdue,âŒ Deal perdu,139619,Ahmed NAFAI,Deal perdu,0
Crescendo Restauration,2079,Jordan Camelo,Affaire Crescendo Restauration,Market (Formulaire),2022-02-18 10:31:19,70000,0,2022-10-05 12:36:34,0,GagnÃ©e,ğŸ’œ Client,131347,Pagna,Client,0
Crossject,2227,Ahmed NAFAI,Affaire Crossject,Market (Formulaire),2022-09-29 11:58:45,5000,2022-12-15 10:37:06,0,Plus de rÃ©ponse du prospect,Perdue,âŒ Deal perdu,108182,Julien Ribeiro,Sales,0
Cticm,2485,Ahmed NAFAI,Affaire Cticm,Market (Formulaire),2023-05-15 12:33:08,5000,0,0,0,En cours,0,140481,Ahmed NAFAI,Sales,0
Ctp Environnement Group,2187,Jordan Camelo,Affaire Ctp Environnement Group,Market (Call SDR),2022-08-23 11:48:00,15000,0,0,0,En cours,ğŸŸ¡ En cours,129178,Jordan Camelo,Sales,0
Daf Trucks France,2175,Jordan Camelo,Affaire Daf Trucks France,Market (Publi),2022-07-19 16:57:17,27000,0,2022-10-28 16:22:28,0,GagnÃ©e,ğŸ’œ Client,133446,Maud,Client,0
Dahlir,2435,Julien Ribeiro,Affaire Dahlir,Market (Formulaire),2023-03-28 11:47:04,1000,0,0,0,En cours,0,139782,Julien Ribeiro,Sales,0
Deal4event,2346,Thibault,Affaire Deal4event,Market (Formulaire),2023-01-17 15:00:56,30000,2023-05-04 09:59:53,0,Projet reportÃ©,Perdue,ğŸŸ¡ En cours,132354,Thibault,Sales,0
Detektin,2271,Ahmed NAFAI,Affaire Detektin,Market (Formulaire),2022-11-03 10:43:24,5000,0,2022-11-03 10:50:42,0,GagnÃ©e,ğŸ’œ Client,136081,Maud,Client,0
Driveco,2117,Jordan Camelo,Affaire Driveco,Market (Formulaire),2022-04-12 15:14:33,12500,0,2022-04-25 16:03:51,0,GagnÃ©e,ğŸ’œ Client,132896,Maud,Client,0
E-Cobot,2139,Jordan Camelo,Affaire E-Cobot,0,2022-05-16 16:19:35,5000,2022-10-19 14:09:38,0,Plus de rÃ©ponse du prospect,Perdue,âŒ Deal perdu,131391,Julien Ribeiro,STOP,0
Ecologic,2179,Jordan Camelo,Affaire Ecologic,Market (Formulaire),2022-07-28 16:20:25,10000,0,2022-09-26 15:19:04,0,GagnÃ©e,ğŸ’œ Client,134590,Maud,Client,0
Ecoor,2081,Jordan Camelo,Affaire Ecoor,Market (Formulaire),2022-02-22 10:05:36,10000,0,2022-03-24 16:39:32,0,GagnÃ©e,ğŸ’œ Client,131436,Pagna,Client,0
Elvia Printed Circuit Boards,2219,Jordan Camelo,Affaire Elvia Printed Circuit Boards,Market (Call SDR),2022-09-26 13:48:51,6500,2022-12-15 11:42:12,0,Prix,Perdue,âŒ Deal perdu,134501,Jordan Camelo,Sales,0
ElÃ©e,2278,Jordan Camelo,Affaire ElÃ©e,Market (Formulaire),2022-11-07 14:37:20,4000,0,2022-11-15 13:56:35,0,GagnÃ©e,ğŸ’œ Client,133846,Maud,Client,0
Emaby,2351,Thibault,Affaire Emaby,Chasse (Sales),2023-01-24 15:16:07,5000,2023-02-27 10:01:22,0,Plus de rÃ©ponse du prospect,Perdue,âŒ Deal perdu,138807,Thibault,Sales,0
Emovis,2479,Ahmed NAFAI,Affaire Emovis,Market (Email),2023-05-04 16:07:59,50000,0,0,0,En cours,0,126189,Ahmed NAFAI,Sales,0
Energie Transfert Thermique Ett,2299,Jordan Camelo,Prospect ETT,Prospection externe,2022-11-23 15:55:02,12500,2023-03-20 10:08:26,0,Prix,Perdue,âŒ Deal perdu,136586,Ahmed NAFAI,Sales,0
Eodd Ingenieurs Conseils,2390,Ahmed NAFAI,Affaire Eodd Ingenieurs Conseils,Market (Formulaire),2023-02-20 11:52:41,5000,2023-03-13 15:44:50,0,Choix de rester avec fournisseur actuel,Perdue,âŒ Deal perdu,139577,Julien Ribeiro,0,0
Epfna,2353,Ahmed NAFAI,Affaire Epfna,Market (Formulaire),2023-01-25 17:13:30,15000,2023-05-11 11:03:03,0,Business Model - Prix pack Ã©levÃ©,Perdue,ğŸŸ¡ En cours,138599,Ahmed NAFAI,Sales,0
Eres Groupe,2347,Thibault,Affaire Eres Groupe,Prospection externe,2023-01-18 12:22:06,10000,0,0,0,En cours,ğŸŸ¡ En cours,138709,Thibault,Sales,0
Estp Paris,2380,Thibault,Affaire Estp Paris,Market (Formulaire),2023-02-10 16:46:49,40000,0,0,0,En cours,ğŸŸ¡ En cours,139556,Thibault,Sales,0
EugÃ¨ne Perma,2345,Jordan Camelo,Affaire EugÃ¨ne Perma,RÃ©seau Perso,2023-01-16 16:30:44,15000,0,2023-03-24 11:14:50,0,GagnÃ©e,ğŸ’œ Client,84121,Maud,Client,0
Eumetrys,2447,Thibault,Affaire Eumetrys,Market (Formulaire),2023-04-03 18:16:07,20000,0,0,0,En cours,0,139623,Thibault,Sales,0
Eurofiber,2274,Ahmed NAFAI,Affaire Eurofiber,Market (Formulaire),2022-11-04 12:10:27,5000,2023-01-04 10:04:15,0,Plus de rÃ©ponse du prospect,Perdue,âŒ Deal perdu,137525,Julien Ribeiro,Sales,0
Eurostar,2436,Jordan Camelo,Affaire Eurostar,RÃ©seau Perso,2023-03-28 17:38:45,35000,0,0,0,En cours,0,135038,Jordan Camelo,Sales,0
Eurostat Group,2205,Ahmed NAFAI,Affaire Eurostat Group,Market (Email),2022-09-15 12:18:41,5000,0,0,0,En cours,ğŸŸ¡ En cours,108215,Ahmed NAFAI,Sales,0
Evermind Formation,2431,Julien Ribeiro,Affaire Evermind Formation,Market (Formulaire),2023-03-22 17:21:22,1000,2023-04-19 16:46:21,0,Projet reportÃ©,Perdue,ğŸŸ¡ En cours,140004,Julien Ribeiro,Sales,0
Evernex,2113,Ahmed NAFAI,Affaire Evernex,0,2022-04-07 12:17:55,11000,2022-11-14 11:54:02,0,Trop Tard,Perdue,âŒ Deal perdu,48444,Charlotte,STOP,0
Evidenceb,2444,Thibault,Affaire Evidenceb,Chasse (Sales),2023-03-31 16:34:53,8000,0,0,0,En cours,0,134404,Thibault,Sales,0
Exalt,2379,Jordan Camelo,Affaire Exalt,Chasse (Sales),2023-02-10 16:24:42,35000,0,2023-03-15 16:56:28,0,GagnÃ©e,ğŸ’œ Client,128795,Pagna,Client,0
Exomind,2255,Julien Ribeiro,Affaire Exomind,Market (Formulaire),2022-10-20 14:25:38,2500,2022-11-02 11:57:24,0,Concurrent retenu (prÃ©ciser lequel),Perdue,âŒ Deal perdu,128803,Julien Ribeiro,STOP,0
Expering,2382,Julien Ribeiro,Affaire Expering,Market (Formulaire),2023-02-14 11:05:59,4000,0,0,0,En cours,ğŸŸ¡ En cours,134689,Julien Ribeiro,Sales,0
Fabentech,2289,Julien Ribeiro,Affaire Fabantech,Market (Formulaire),2022-11-10 14:41:58,4000,2022-11-28 09:36:23,0,COVID (annulation ou report),Perdue,âŒ Deal perdu,137526,Julien Ribeiro,Sales,0
Factorhy,2321,Ahmed NAFAI,Affaire Factorhy AVOCATS,Prospection externe,2022-12-14 16:14:56,8000,0,2023-01-25 15:25:40,0,GagnÃ©e,ğŸ’œ Client,138353,Ahmed NAFAI,Client,0
Fairmat,2404,Ahmed NAFAI,Affaire Fairmat,Chasse (Sales),2023-03-06 10:36:43,10000,0,0,0,En cours,ğŸŸ¡ En cours,137722,Ahmed NAFAI,Sales,0
Falck Renewables,2402,Thibault,Affaire Falck Renewables,Chasse (Sales),2023-03-02 17:00:21,5000,0,0,0,En cours,ğŸŸ¡ En cours,91826,Thibault,Sales,0
Famoco,2473,Julien Ribeiro,Affaire Famoco,Market (Formulaire),2023-04-25 16:59:03,4000,0,0,0,En cours,0,140484,Julien Ribeiro,Sales,0
Ferry,2256,Ahmed NAFAI,Affaire Ferry,Market (Formulaire),2022-10-20 16:26:37,8000,0,2023-04-26 09:55:48,0,GagnÃ©e,ğŸ’œ Client,136067,Ahmed NAFAI,Client,0
Ffba,2332,Julien Ribeiro,Affaire Banque Alimentaire,Market (Formulaire),2023-01-11 10:42:47,10000,0,0,0,En cours,ğŸŸ¡ En cours,137533,Julien Ribeiro,Offre en cours,0
Fichet Group,2366,Jordan Camelo,Affaire Fichet Group,Prospection externe,2023-02-02 14:06:34,71000,0,0,0,En cours,ğŸŸ¡ En cours,90153,Jordan Camelo,Sales,0
Flexo,2267,Ahmed NAFAI,Affaire Flexo,Market (Formulaire),2022-10-27 15:53:35,10000,2022-11-10 16:06:42,0,FonctionnalitÃ© manquante (prÃ©ciser),Perdue,âŒ Deal perdu,136311,Ahmed NAFAI,NURTURING,0
Focus Entertainment,2313,Jordan Camelo,Affaire Focus Entertainment,Market (Publi),2022-12-02 11:54:56,20000,2023-02-27 08:49:20,0,Prix,Perdue,âŒ Deal perdu,135729,Jordan Camelo,Sales,0
Foliateam,2413,Ahmed NAFAI,Affaire Foliateam,Market (Chasse SDR ),2023-03-14 11:40:38,10000,0,0,0,En cours,ğŸŸ¡ En cours,136124,Ahmed NAFAI,Sales,0
Fonroche Lighting,2468,Thibault,Affaire Fonroche Lighting,Market (Formulaire),2023-04-21 10:23:42,18000,0,0,0,En cours,0,139783,Thibault,Sales,0
FÃ©dÃ©ration GÃ©nÃ©rale Des Pep,2230,Ahmed NAFAI,Affaire FÃ©dÃ©ration GÃ©nÃ©rale Des Pep,Market (Formulaire),2022-09-30 11:06:17,5000,2022-12-15 10:46:48,0,Plus de rÃ©ponse du prospect,Perdue,âŒ Deal perdu,135558,Ahmed NAFAI,Sales,0
FÃ©dÃ©rations Des Acteurs De La SolidaritÃ©s,2221,Julien Ribeiro,Affaire FÃ©dÃ©rations Des Acteurs De La SolidaritÃ©s,Market (Formulaire),2022-09-26 15:41:17,2500,0,2023-04-19 20:20:31,0,GagnÃ©e,ğŸ’œ Client,135541,Julien Ribeiro,Client,0
GIF,2429,Julien Ribeiro,Affaire GIF,Market (Formulaire),2023-03-22 10:25:32,1700,2023-04-17 11:10:13,0,Solution insuffisante (manque de confiance),Perdue,ğŸŸ¡ En cours,139774,Julien Ribeiro,Sales,0
Gaial,2441,Thibault,Affaire Gaial,Market (Formulaire),2023-03-31 16:23:28,3000,0,0,0,En cours,0,140027,Thibault,Sales,0
Galimmo,2438,Thibault,Affaire Galimmo,Prospection externe,2023-03-31 16:09:56,15000,0,0,0,En cours,0,133816,Thibault,Sales,0
Gallmeister,2432,Thibault,Affaire Gallmeister,Market (Formulaire),2023-03-23 11:43:32,8000,0,0,0,En cours,ğŸŸ¡ En cours,139991,Thibault,Sales,0
Gazfio,2152,Jordan Camelo,Affaire Gazfio,Market (Email),2022-06-07 16:50:36,10000,0,2022-09-01 17:43:32,0,GagnÃ©e,ğŸ’œ Client,130773,Maud,Client,0
Geismar,2071,Jordan Camelo,Affaire Geismar,Market (Call SDR),2022-02-01 14:02:48,35000,2023-03-28 17:15:32,0,Pas prÃ©sent Ã  l'international,Perdue,âŒ Deal perdu,126925,AlisÃ©e Delon,Deal perdu,0
Genie Lieux-Conseil Management Espace,2209,Ahmed NAFAI,Affaire Genie Lieux-Conseil Management Espace,Market (Call SDR),2022-09-19 17:43:06,7500,2022-09-28 09:58:12,0,Prix,Perdue,âŒ Deal perdu,133766,Ahmed NAFAI,Sales,0
Gensun,2210,Ahmed NAFAI,Affaire Gensun,Market (Call SDR),2022-09-19 18:01:28,5000,2022-10-24 11:57:52,0,Choix de rester avec fournisseur actuel,Perdue,âŒ Deal perdu,129374,Ahmed NAFAI,NURTURING,0
Ggl Groupe,2225,Jordan Camelo,Affaire Ggl Groupe,RÃ©seau Perso,2022-09-28 14:35:22,5000,2022-11-28 15:37:17,0,Choix PrÃ©sident,Perdue,âŒ Deal perdu,88383,Julien Ribeiro,Sales,0
Gie Afer,2200,Jordan Camelo,Affaire Gie Afer,Event,2022-09-08 16:06:50,3000,0,0,0,En cours,ğŸŸ¡ En cours,133820,Jordan Camelo,Sales,0
Gie Kantys Services,2398,Julien Ribeiro,Affaire Gie Kantys Services,Market (Formulaire),2023-03-01 16:28:22,4000,2023-04-13 15:58:52,0,Outil - FonctionnalitÃ© manquante,Perdue,ğŸŸ¡ En cours,139593,Julien Ribeiro,Sales,0
Ginini,2239,Ahmed NAFAI,Affaire Ginini,Market (Formulaire),2022-10-07 16:19:46,2000,2023-01-05 08:59:34,0,Sujet non prioritaire,Perdue,âŒ Deal perdu,135628,Julien Ribeiro,Sales,0
Gonefine,2399,Thibault,Affaire Gonefine,Market (Formulaire),2023-03-01 17:00:58,30000,2023-03-21 10:16:50,0,Plus de rÃ©ponse du prospect,Perdue,âŒ Deal perdu,139596,Thibault,0,0
Green Power Technologie,2246,Julien Ribeiro,Affaire Green Power Technologie,Market (Formulaire),2022-10-14 10:20:59,8400,0,0,0,En cours,ğŸŸ¡ En cours,135508,Julien Ribeiro,Sales,0
Grieps,2386,Thibault,Affaire Grieps,Chasse (Sales),2023-02-15 18:43:00,25000,2023-04-24 17:42:28,0,Business Model - Transaction Fee,Perdue,ğŸŸ¡ En cours,120945,Thibault,Sales,0
Groupe Aera Nova,2185,Jordan Camelo,Affaire Groupe Aera Nova,Market (Formulaire),2022-08-19 16:51:25,8500,2022-11-09 10:31:22,0,Prix,Perdue,âŒ Deal perdu,135033,Julien Ribeiro,STOP,0
Groupe Audemard,2169,Jordan Camelo,Affaire Groupe Audemard,Market (Publi),2022-07-07 11:43:19,83000,2022-11-14 15:29:26,0,Prix,Perdue,âŒ Deal perdu,133969,Jordan Camelo,Sales,0
Groupe Blanchard,2211,Ahmed NAFAI,Affaire Groupe Blanchard,0,2022-09-19 18:31:25,10000,2022-11-14 09:53:54,0,Concurrent retenu (prÃ©ciser lequel),Perdue,âŒ Deal perdu,135516,Ahmed NAFAI,Sales,0
Groupe Lemoine,2241,Ahmed NAFAI,Affaire Groupe Lemoine,Market (Linkedin),2022-10-10 10:11:19,30000,2023-01-25 12:42:03,0,Plus de rÃ©ponse du prospect,Perdue,âŒ Deal perdu,135629,AlisÃ©e Delon,SDR,0
Groupe Lhotellier,2158,Jordan Camelo,Affaire Groupe Lhotellier,Event,2022-06-13 17:11:07,8500,2022-11-08 11:37:44,0,Plus de rÃ©ponse du prospect,Perdue,âŒ Deal perdu,115873,Julien Ribeiro,NURTURING,0
Groupe Premium Promotion,2451,Ahmed NAFAI,Affaire Groupe Premium Promotion,Market (Formulaire),2023-04-07 09:25:18,5000,2023-04-07 14:16:22,0,Business Model - Prix pack Ã©levÃ©,Perdue,0,140029,Ahmed NAFAI,NURTURING,0
Groupe Sii,2373,Thibault,Affaire Groupe Sii,Prospection externe,2023-02-07 15:05:00,60000,0,0,0,En cours,ğŸŸ¡ En cours,139560,Ahmed NAFAI,Sales,0
Groupe Sos,2430,Thibault,Affaire SOS Transition Ecologique,Market (Formulaire),2023-03-22 16:01:18,4000,0,0,0,En cours,ğŸŸ¡ En cours,138721,Thibault,Sales,0
Groupe Valeor,2053,Jordan Camelo,Offre Groupe Valeor,Market (Formulaire),2022-01-11 14:48:28,20000,2022-03-04 10:26:04,0,Prix,Perdue,âŒ Deal perdu,87468,Ahmed NAFAI,NURTURING,0
Hartwood,2341,Ahmed NAFAI,Affaire Hartwood,Market (Formulaire),2023-01-13 17:25:30,15000,2023-02-20 10:32:02,0,Sujet non prioritaire,Perdue,âŒ Deal perdu,138586,Ahmed NAFAI,Sales,0
Harvey,2198,Ahmed NAFAI,Affaire Mpp Harvey,Market (Formulaire),2022-09-08 10:11:34,10000,2023-03-28 11:29:44,0,Arnaque,Perdue,ğŸ’” Ancien client,135059,Ahmed NAFAI,Ancien Client,2022-11-01
Healthy Group,2394,Julien Ribeiro,Affaire Healthy Group,Market (Formulaire),2023-02-23 15:12:21,9000,0,0,0,En cours,ğŸŸ¡ En cours,138580,Julien Ribeiro,Sales,0
Hema,2454,Julien Ribeiro,Affaire Hema,Market (Formulaire),2023-04-13 14:26:43,2500,0,0,0,En cours,0,92937,Julien Ribeiro,Sales,0
Hisense France,2217,Ahmed NAFAI,Affaire Hisense France,Market (Formulaire),2022-09-26 11:13:12,5000,2022-10-26 15:48:08,0,Sujet non prioritaire,Perdue,âŒ Deal perdu,135539,Ahmed NAFAI,Sales,0
Homa Games,2184,Jordan Camelo,Affaire Homa Games,Market (Formulaire),2022-08-18 17:34:36,2500,2022-08-24 17:13:00,0,Prix,Perdue,âŒ Deal perdu,135022,Ahmed NAFAI,NURTURING,0
Home Care Alliance Group,2425,Thibault,Affaire HCA,Market (Formulaire),2023-03-21 11:36:02,4000,2023-04-12 17:07:16,0,Projet reportÃ©,Perdue,ğŸŸ¡ En cours,139598,Thibault,NURTURING,0
Idf Ã‰vÃ©nements,2138,Jordan Camelo,Affaire Idf Ã‰vÃ©nements,Market (Formulaire),2022-05-13 17:20:59,80000,0,2022-05-16 08:59:09,0,GagnÃ©e,ğŸ’œ Client,133791,Pagna,Client,0
Idol,2482,Ahmed NAFAI,Affaire Idol,Market (Email),2023-05-09 16:21:25,10000,0,0,0,En cours,0,135751,Ahmed NAFAI,Sales,0
Ifso,2426,Julien Ribeiro,Affaire IFSO,Market (Formulaire),2023-03-21 14:24:55,1300,2023-04-12 09:47:50,0,Facturation - Moyen de paiement,Perdue,ğŸŸ¡ En cours,139785,Julien Ribeiro,Sales,0
Implenia France,2437,Jordan Camelo,Affaire Implenia France,RÃ©seau Perso,2023-03-30 08:16:45,10000,0,2023-04-04 13:54:44,0,GagnÃ©e,ğŸ’œ Client,137311,Maud,Client,0
Infflux,2395,Thibault,Affaire Infflux,Chasse (Sales),2023-02-27 11:40:28,4000,0,0,0,En cours,ğŸŸ¡ En cours,139555,Thibault,Offre en cours,0
IngÃ©lib,2280,Julien Ribeiro,Affaire IngÃ©lib,Market (Call SDR),2022-11-07 17:08:07,3400,0,0,0,En cours,ğŸŸ¡ En cours,136074,Julien Ribeiro,Sales,0
Institut Catholique De Paris,2374,Ahmed NAFAI,Affaire Institut Catholique De Paris,Prospection externe,2023-02-08 14:48:14,15000,2023-04-05 11:17:32,0,Projet reportÃ©,Perdue,âŒ Deal perdu,139562,Ahmed NAFAI,Deal perdu,0
Intelliway,2190,Jordan Camelo,Affaire Intelliway,Market (Formulaire),2022-08-31 10:04:38,6000,0,2022-08-31 10:50:20,0,GagnÃ©e,ğŸ’œ Client,130725,Maud,Client,0
Inveniam,2476,Julien Ribeiro,Affaire Inveniam,Market (Chasse SDR ),2023-05-02 10:28:41,3000,0,2023-05-02 17:39:59,0,GagnÃ©e,0,132248,Julien Ribeiro,Sales,0
Iseki France,2410,Ahmed NAFAI,Affaire Iseki France,Market (Formulaire),2023-03-09 12:14:36,10000,2023-04-04 14:42:03,0,Outil - FonctionnalitÃ© manquante,Perdue,âŒ Deal perdu,139613,Ahmed NAFAI,Deal perdu,0
Itancia,2469,Julien Ribeiro,Affaire Itancia,Market (Call SDR),2023-04-21 16:19:56,14500,0,0,0,En cours,0,128771,Julien Ribeiro,Sales,0
Itq Group,2201,Julien Ribeiro,Affaire Itq Group,Market (Formulaire),2022-09-13 16:48:39,6000,2023-03-31 16:21:36,0,Plus de rÃ©ponse du prospect,Perdue,âŒ Deal perdu,135509,Julien Ribeiro,Deal perdu,0
Jewel,2465,Ahmed NAFAI,Affaire Jewel,Market (Formulaire),2023-04-18 18:09:12,10000,0,0,0,En cours,0,140070,Ahmed NAFAI,Sales,0
Kaisha Prestige,2408,Thibault,Affaire Kaisha Prestige,Market (Formulaire),2023-03-08 09:39:23,20000,2023-05-11 11:11:51,0,Plus de rÃ©ponse du prospect,Perdue,ğŸŸ¡ En cours,133075,Thibault,Sales,0
Kent Marine Equipment,2286,Jordan Camelo,Kent Marine Equipement,Prospection externe,2022-11-09 15:03:23,5000,2023-05-05 15:46:58,0,Projet reportÃ©,Perdue,ğŸŸ¡ En cours,130748,Jordan Camelo,Sales,0
Komaxgroup,2467,Ahmed NAFAI,Affaire Komaxgroup,Chasse (Sales),2023-04-20 11:24:10,10000,0,0,0,En cours,0,140073,Ahmed NAFAI,Sales,0
Kreos,2370,Ahmed NAFAI,Affaire Kreos,Prospection externe,2023-02-03 11:05:41,15000,2023-03-13 10:17:59,0,Prix,Perdue,âŒ Deal perdu,139071,Ahmed NAFAI,0,0
Ks Services,2290,Ahmed NAFAI,Affaire Ks Services,Market (Call SDR),2022-11-14 10:55:07,5000,2022-12-29 16:31:05,0,Plus de rÃ©ponse du prospect,Perdue,âŒ Deal perdu,136274,Julien Ribeiro,Offre en cours,0
Kurmi,2312,Ahmed NAFAI,Affaire Kurmi,Market (Formulaire),2022-12-01 18:20:03,30000,2023-01-16 11:57:14,0,Concurrent retenu (prÃ©ciser lequel),Perdue,âŒ Deal perdu,138335,Ahmed NAFAI,Sales,0
Laboratoire Nutergia,2376,Thibault,Affaire Laboratoire Nutergia,Market (Formulaire),2023-02-08 17:22:26,30000,2023-03-16 17:33:14,0,Sujet non prioritaire,Perdue,âŒ Deal perdu,139554,Thibault,Offre en cours,0
Laboratoires Blc Thalgo Cosmetic,2364,Ahmed NAFAI,Affaire Laboratoires Blc Thalgo Cosmetic,Market (Publi),2023-02-01 16:40:43,15000,0,0,0,En cours,ğŸŸ¡ En cours,135771,Ahmed NAFAI,Sales,0
Laboratoires JuvisÃ© Pharmaceuticals,2423,Thibault,Affaire Labo JuvisÃ©,Market (Call SDR),2023-03-20 17:24:06,12000,0,0,0,En cours,ğŸŸ¡ En cours,133050,Thibault,Sales,0
Lagniel,2457,Thibault,Affaire Lagniel,Market (Call SDR),2023-04-14 10:22:55,30000,0,0,0,En cours,0,140052,Thibault,Sales,0
Le Point,2178,Jordan Camelo,Affaire Le Point,Chasse (Sales),2022-07-26 15:59:41,25000,2022-09-26 14:04:59,0,Prix,Perdue,âŒ Deal perdu,54046,Jordan Camelo,Sales,0
Lefaucheur Avocats,2095,Jordan Camelo,Affaire Lefaucheur Avocats,RÃ©seau Perso,2022-03-11 15:56:53,4000,0,2022-03-21 17:09:38,0,GagnÃ©e,ğŸ’œ Client,130249,Pagna,Client,0
Leica Camera,2295,Ahmed NAFAI,Affaire Leica Camera,0,2022-11-16 12:43:54,5000,2022-11-28 17:49:34,0,Concurrent retenu (prÃ©ciser lequel),Perdue,âŒ Deal perdu,137540,Julien Ribeiro,Sales,0
Les Petits Fabricants,2231,Julien Ribeiro,Affaire Les Petits Fabricants,Market (Formulaire),2022-10-03 17:03:37,5000,0,2022-11-10 12:06:11,0,GagnÃ©e,ğŸ’œ Client,135557,Maud,Client,0
Lincoln International,2171,Ahmed NAFAI,Affaire Lincoln International,Market (Formulaire),2022-07-11 16:33:59,16000,2022-11-14 09:48:47,0,Besoin insuffisant,Perdue,âŒ Deal perdu,134581,AlisÃ©e Delon,NURTURING,0
Lineas Group,2293,Ahmed NAFAI,Affaire Lineas France,Market (Formulaire),2022-11-15 11:16:23,40000,0,2022-11-17 12:12:58,0,GagnÃ©e,ğŸ’œ Client,139564,Ahmed NAFAI,Sales,0
Lmsys,2397,Julien Ribeiro,Affaire Lmsys,Market (Formulaire),2023-03-01 10:37:09,4000,0,0,0,En cours,ğŸŸ¡ En cours,139582,Julien Ribeiro,Sales,0
Lucca,2327,Ahmed NAFAI,Affaire Lucca,Prospection externe,2023-01-03 18:19:40,30000,0,0,0,En cours,ğŸŸ¡ En cours,138575,Ahmed NAFAI,Sales,0
Lunii,2419,Thibault,Affaire Lunii,Chasse (Sales),2023-03-17 15:39:10,4000,0,0,0,En cours,ğŸŸ¡ En cours,88105,Thibault,Sales,0
M2dg,2174,Julien Ribeiro,Affaire M2dg,Market (Formulaire),2022-07-13 09:53:54,3000,2022-11-02 11:07:42,0,FonctionnalitÃ© manquante (prÃ©ciser),Perdue,âŒ Deal perdu,134589,Julien Ribeiro,Sales,0
Maison Balzac,2275,Ahmed NAFAI,Affaire Maison Balzac,Market (Formulaire),2022-11-04 12:11:03,5000,2022-12-09 11:41:24,0,Concurrent retenu (prÃ©ciser lequel),Perdue,âŒ Deal perdu,136595,Julien Ribeiro,STOP,0
Masteos,2112,Jordan Camelo,Affaire Masteos,Market (Email),2022-04-06 16:25:57,2000,2022-06-02 11:16:14,0,Plus de rÃ©ponse du prospect,Perdue,âŒ Deal perdu,90262,Julien Ribeiro,STOP,0
Matmut,2088,Jordan Camelo,Affaire Matmut,RÃ©seau Perso,2022-03-08 08:14:22,150000,2022-07-04 08:37:12,0,Prix,Perdue,âŒ Deal perdu,93563,Jordan Camelo,Sales,0
Mediactive Group,2317,Ahmed NAFAI,Affaire Mediactive Group,Market (Call SDR),2022-12-08 15:52:45,5000,2023-01-05 08:58:59,0,Plus de rÃ©ponse du prospect,Perdue,âŒ Deal perdu,128724,AlisÃ©e Delon,Sales,0
Meilleurplacement,2228,Jordan Camelo,Affaire Meilleurplacement,Chasse (Sales),2022-09-29 14:59:14,4500,0,2022-10-06 07:50:51,0,GagnÃ©e,ğŸ’œ Client,135562,Maud,Client,0
Meja,2389,Ahmed NAFAI,Affaire Meja,Market (Formulaire),2023-02-20 10:46:19,1700,0,2023-02-21 15:35:16,0,GagnÃ©e,ğŸ’œ Client,139563,Maud,Client,0
Mensia Conseil,2176,Julien Ribeiro,Affaire Mensia Conseil,Market (Formulaire),2022-07-22 14:15:53,10000,2023-02-14 11:26:37,0,SystÃ¨me actuel,Perdue,âŒ Deal perdu,134675,AlisÃ©e Delon,Sales,0
Metalliance,2272,Jordan Camelo,Metalliance,Market (Chasse SDR ),2022-11-03 15:23:16,21000,0,2023-01-17 10:24:02,0,GagnÃ©e,ğŸ’œ Client,126992,Pagna,Client,0
Mnd Group,2110,Jordan Camelo,Affaire Mnd Group,Chasse (Sales),2022-04-06 09:19:44,40000,2022-10-19 16:07:13,0,Havas,Perdue,âŒ Deal perdu,8389,Thibault,Sales,0
Mon Concept Habitation,2254,Ahmed NAFAI,Affaire Mon Concept Habitation,0,2022-10-19 17:50:26,2000,2022-10-27 11:49:15,0,Prix,Perdue,âŒ Deal perdu,136063,Julien Ribeiro,STOP,0
Monomatic,2298,Julien Ribeiro,Affaire Monomatic,Market (Publi),2022-11-17 16:34:46,2000,2022-12-06 11:32:08,0,Besoin insuffisant,Perdue,âŒ Deal perdu,135906,Julien Ribeiro,SDR,0
Moreau Paris,2470,Julien Ribeiro,Affaire Moreau Paris,Market (Formulaire),2023-04-24 11:50:39,3400,2023-04-28 11:36:14,0,Business Model - Transaction Fee,Perdue,0,140079,Julien Ribeiro,Sales,0
MunksjÃ¶,2240,Ahmed NAFAI,Affaire MunksjÃ¶,0,2022-10-07 16:29:28,30000,2022-12-05 14:06:54,0,Concurrent retenu (prÃ©ciser lequel),Perdue,âŒ Deal perdu,135630,Ahmed NAFAI,Sales,0
NRC SUPERVISION,2247,Julien Ribeiro,Affaire NRC SUPERVISION,Market (Formulaire),2022-10-14 15:24:29,700,2022-10-26 14:34:08,0,Concurrent retenu (prÃ©ciser lequel),Perdue,âŒ Deal perdu,134666,Julien Ribeiro,Sales,0
Naldeo,2055,Jordan Camelo,Offre Naldeo,Market (Email),2022-01-12 10:57:56,17000,0,2022-07-20 10:06:01,0,GagnÃ©e,ğŸ’œ Client,129312,Maud,Client,0
Neroli France,2213,Ahmed NAFAI,Affaire Neroli France,Market (Formulaire),2022-09-22 16:25:30,15000,2023-01-09 10:56:24,0,Plus de rÃ©ponse du prospect,Perdue,âŒ Deal perdu,135524,AlisÃ©e Delon,SDR,0
Novolyze,2355,Julien Ribeiro,Affaire Novolyze,Prospection externe,2023-01-26 12:00:58,25000,2023-03-23 15:42:46,0,Prix,Perdue,âŒ Deal perdu,138815,Julien Ribeiro,Offre en cours,0
NÃ©olithe,2268,Julien Ribeiro,Affaire Neolithe,Market (Formulaire),2022-10-31 12:11:48,2000,2022-12-19 16:48:39,0,Concurrent retenu (prÃ©ciser lequel),Perdue,âŒ Deal perdu,135654,Julien Ribeiro,NURTURING,0
Objectware,2339,Julien Ribeiro,Affaire Objectware,Market (Call SDR),2023-01-13 14:08:49,2000,0,0,0,En cours,ğŸŸ¡ En cours,122180,Julien Ribeiro,Offre en cours,0
Oceasoft,2244,Jordan Camelo,Affaire Oceasoft,Market (Call SDR),2022-10-12 16:41:52,4500,2022-11-28 15:00:21,0,FonctionnalitÃ© manquante (prÃ©ciser),Perdue,âŒ Deal perdu,126442,Jordan Camelo,Offre en cours,0
Oenobrands,2396,Ahmed NAFAI,Affaire Oenobrands,Market (Formulaire),2023-02-28 11:12:10,7500,0,0,0,En cours,ğŸŸ¡ En cours,138808,Ahmed NAFAI,Sales,0
Olmix Group,2203,Thibault,Affaire Olmix Group,Market (Call SDR),2022-09-14 12:13:32,19400,2023-04-07 15:17:46,0,Projet reportÃ©,Perdue,âŒ Deal perdu,130189,Maud,Deal perdu,0
Opco SantÃ©,2342,Jordan Camelo,Affaire Opco SantÃ©,Chasse (Sales),2023-01-16 10:30:50,54000,0,0,0,En cours,ğŸŸ¡ En cours,132872,Jordan Camelo,Sales,0
Options,2337,Julien Ribeiro,Affaire Options,Market (Formulaire),2023-01-12 17:46:07,10000,2023-02-16 10:00:17,0,Prix,Perdue,âŒ Deal perdu,132583,Julien Ribeiro,Sales,0
Oradianse,2216,Ahmed NAFAI,Affaire Oradianse,Market (Formulaire),2022-09-23 17:19:12,7000,2022-11-09 15:04:11,0,Prix,Perdue,âŒ Deal perdu,135521,Patrick Phimvilayphone,NURTURING,0
Orygamy,2368,Thibault,Affaire Orygamy,Market (Formulaire),2023-02-02 16:06:26,4000,0,2023-04-18 14:58:09,0,GagnÃ©e,ğŸ’œ Client,138875,Thibault,Client,0
Osmos Group,2259,Julien Ribeiro,Affaire Osmos Group,Market (Formulaire),2022-10-21 17:17:03,2500,2022-12-01 14:28:45,0,Prix,Perdue,âŒ Deal perdu,136064,Julien Ribeiro,Sales,0
Panini France,2309,Julien Ribeiro,Affaire Panini France,Market (Call SDR),2022-11-29 11:06:33,5000,2023-04-18 15:27:39,0,Outil - FonctionnalitÃ© manquante,Perdue,ğŸ¤ Phase de test,2417,Julien Ribeiro,Sales,0
Panther,2455,Julien Ribeiro,Affaire Panther,Market (Formulaire),2023-04-13 17:53:44,7500,2023-04-21 10:35:18,0,Solution insuffisante (manque de confiance),Perdue,0,140059,Julien Ribeiro,Sales,0
Paris Society Consulting,2424,Thibault,Affaire Paris Society Consulting,Market (Formulaire),2023-03-21 11:13:04,5000,0,0,0,En cours,ğŸŸ¡ En cours,135026,Thibault,Sales,0
Paritel,2163,Jordan Camelo,Affaire Paritel,RÃ©seau Perso,2022-06-27 15:51:24,12500,0,2022-11-08 13:58:51,0,GagnÃ©e,ğŸ’œ Client,88217,Maud,Client,0
Peersgroup,2440,Thibault,Affaire Peersgroup,Chasse (Sales),2023-03-31 16:16:01,33000,2023-05-09 11:34:16,0,Projet reportÃ©,Perdue,0,128673,Thibault,Sales,0
Phoenix Consulting International,2348,Thibault,Affaire Phoenix Consulting International,Market (Formulaire),2023-01-19 16:17:22,10000,0,0,0,En cours,ğŸŸ¡ En cours,138609,Thibault,Sales,0
Plastic Odyssey,2308,Ahmed NAFAI,Affaire Plastic Odyssey,Market (Formulaire),2022-11-29 10:55:01,2000,0,2022-12-30 16:44:00,0,GagnÃ©e,ğŸ’œ Client,136589,Ahmed NAFAI,Client,0
Polymem,2283,Julien Ribeiro,Affaire Polymem,Market (Formulaire),2022-11-08 15:41:44,5000,0,0,0,En cours,ğŸŸ¡ En cours,136578,Julien Ribeiro,Sales,0
Polynys,2336,Julien Ribeiro,Affaire Polynys,Market (Formulaire),2023-01-12 15:59:56,1700,2023-05-04 10:17:06,0,Solution insuffisante (manque de confiance),Perdue,ğŸŸ¡ En cours,138368,Julien Ribeiro,Sales,0
Polyvia,2369,Ahmed NAFAI,Affaire Polyvia,Prospection externe,2023-02-02 16:39:47,15000,2023-04-13 15:13:28,0,Projet reportÃ©,Perdue,âŒ Deal perdu,139069,Ahmed NAFAI,Deal perdu,0
Preligens,2365,Ahmed NAFAI,Affaire Preligens,Market (Formulaire),2023-02-01 16:54:01,10000,0,0,0,En cours,âŒ Deal perdu,138816,Ahmed NAFAI,Sales,0
Proaction Europe,2212,Ahmed NAFAI,Affaire Proaction Europe,Market (Formulaire),2022-09-22 13:43:56,70000,2023-02-09 17:25:34,0,Concurrent retenu (prÃ©ciser lequel),Perdue,âŒ Deal perdu,135527,Ahmed NAFAI,NURTURING,0
Ptv Group,2331,Julien Ribeiro,Affaire PTV Group,Prospection externe,2023-01-10 16:30:25,4800,2023-03-14 15:06:11,0,Concurrent retenu (prÃ©ciser lequel),Perdue,âŒ Deal perdu,138592,Julien Ribeiro,Offre en cours,0
Q Park France,2304,Jordan Camelo,Affaire Q Park France,Market (Formulaire),2022-11-25 11:50:34,25000,0,2023-02-23 17:44:30,0,GagnÃ©e,ğŸ’œ Client,130086,Pagna,Client,0
Qube Reseach & Technologies Paris,2483,Thibault,Affaire Qube Reseach & Technologies Paris,Market (Formulaire),2023-05-10 11:39:58,17000,0,0,0,En cours,0,140047,Thibault,Sales,0
Red Bull France,2172,Jordan Camelo,Affaire Redbull EVENT,Chasse (Sales),2022-07-12 18:10:29,4000,2023-03-28 11:30:07,0,Besoin ponctuel pour event,Perdue,ğŸ’” Ancien client,133821,Jordan Camelo,Ancien Client,2022-10-01
Res Publica,2251,Ahmed NAFAI,Affaire Res Publica,Market (Formulaire),2022-10-18 10:49:23,6000,2023-03-30 15:37:52,0,Projet reportÃ©,Perdue,âŒ Deal perdu,135651,Ahmed NAFAI,Deal perdu,0
Revaia,2330,Julien Ribeiro,Affaire Revaia,Market (Formulaire),2023-01-09 16:46:05,6000,2023-02-22 10:28:15,0,Concurrent retenu (prÃ©ciser lequel),Perdue,âŒ Deal perdu,138585,Julien Ribeiro,Offre en cours,0
Rexor,2310,Julien Ribeiro,Affaire Rexor,Market (Call SDR),2022-11-29 17:36:04,2500,0,2023-01-20 15:09:27,0,GagnÃ©e,ğŸ’œ Client,93657,Maud,Client,0
"Reya & Euromarine Sas, Alliance Marine Group",2392,Ahmed NAFAI,"Affaire Reya & Euromarine Sas, Alliance Marine Group",Market (Chasse SDR ),2023-02-23 10:56:52,10000,0,0,0,En cours,ğŸŸ¡ En cours,138959,Ahmed NAFAI,Sales,0
Ringover,2361,Thibault,Affaire Ringover,Chasse (Sales),2023-01-27 17:39:20,15000,0,0,0,En cours,ğŸŸ¡ En cours,91745,Thibault,Sales,0
Rtp Company,2143,Jordan Camelo,Affaire Rtp Company,0,2022-05-18 16:04:53,10000,2022-07-25 15:28:58,0,Sujet non prioritaire,Perdue,âŒ Deal perdu,31964,Julien Ribeiro,Sales,0
Rubel & Menasche,2168,Jordan Camelo,Affaire Rubel & Menasche,Market (Call SDR),2022-07-06 16:50:53,12500,2022-09-26 13:59:57,0,Prix,Perdue,âŒ Deal perdu,132239,Ahmed NAFAI,Sales,0
S3ns,2232,Ahmed NAFAI,Affaire S3ns,Market (Formulaire),2022-10-04 12:01:03,9000,2022-11-28 12:04:09,0,Plus de rÃ©ponse du prospect,Perdue,âŒ Deal perdu,135568,Ahmed NAFAI,Sales,0
Samt-Ing,2314,Ahmed NAFAI,Affaire Samt-Ing,Market (Email),2022-12-02 13:06:47,30000,2022-12-15 15:31:39,0,Concurrent retenu (prÃ©ciser lequel),Perdue,âŒ Deal perdu,137971,Ahmed NAFAI,Sales,0
Sancare,2207,Ahmed NAFAI,Affaire Sancare,Market (Formulaire),2022-09-15 15:53:50,3000,2022-12-15 13:47:13,0,Sujet non prioritaire,Perdue,âŒ Deal perdu,135030,Ahmed NAFAI,NURTURING,0
Sas Greenspark,2400,Thibault,Affaire Sas Greenspark,Market (Formulaire),2023-03-02 10:55:42,4000,0,2023-03-30 11:17:38,0,GagnÃ©e,ğŸ’œ Client,132894,Thibault,Client,0
Sateba,2367,Julien Ribeiro,Affaire Sateba,Market (Email),2023-02-02 16:01:19,1000,2023-02-13 16:56:18,0,Prix,Perdue,âŒ Deal perdu,122208,Julien Ribeiro,Offre en cours,0
Scassi Groupe,2285,Julien Ribeiro,Affaire Scassi Group,Market (Formulaire),2022-11-09 11:39:36,5000,0,0,0,En cours,ğŸŸ¡ En cours,134616,Julien Ribeiro,Sales,0
Sedgwick,2105,Jordan Camelo,Affaire Sedgwick,RÃ©seau Perso,2022-03-23 13:37:38,45000,2022-10-21 08:56:37,0,Choix de rester avec fournisseur actuel,Perdue,âŒ Deal perdu,130397,Jordan Camelo,Sales,0
Segat,2453,Thibault,Affaire Segat,Market (Formulaire),2023-04-11 10:10:43,25000,0,0,0,En cours,0,140008,Thibault,Sales,0
Sera-Energie,2270,Ahmed NAFAI,Affaire Sera-Energie,Prospection externe,2022-11-02 11:22:48,10000,2022-12-15 14:55:54,0,FonctionnalitÃ© manquante (prÃ©ciser),Perdue,âŒ Deal perdu,136577,Ahmed NAFAI,Sales,0
Serfim Tic,2393,Julien Ribeiro,Affaire Serfim Tic,Chasse (Sales),2023-02-23 10:59:06,8500,2023-03-15 17:13:01,0,Concurrent retenu (prÃ©ciser lequel),Perdue,âŒ Deal perdu,139589,Julien Ribeiro,Offre en cours,0
Sergic Invest,2401,Thibault,Affaire Sergic Invest,Market (Call SDR),2023-03-02 14:01:52,25000,0,0,0,En cours,ğŸŸ¡ En cours,135922,Thibault,Sales,0
Serma Technologies,2460,Ahmed NAFAI,Affaire Serma Technologies,Market (Chasse SDR ),2023-04-14 16:52:18,80000,0,0,0,En cours,0,44307,Ahmed NAFAI,Sales,0
Service Innovation Group France,2388,Ahmed NAFAI,Affaire Service Innovation Group,Prospection externe,2023-02-20 10:40:09,10000,0,0,0,En cours,ğŸŸ¡ En cours,139463,Ahmed NAFAI,Sales,0
Sika France,2301,Jordan Camelo,Affaire Sika France,RÃ©seau Perso,2022-11-24 09:00:28,150000,2023-01-31 15:28:40,0,Concurrent retenu (prÃ©ciser lequel),Perdue,âŒ Deal perdu,136585,Jordan Camelo,Sales,0
Silvr,2111,Jordan Camelo,Affaire Silvr,Market (Formulaire),2022-04-06 10:37:12,2000,0,2022-04-25 11:29:18,0,GagnÃ©e,ğŸ’œ Client,132402,Maud,Client,0
Siparex Xange Venture,2484,Ahmed NAFAI,Affaire Siparex Xange Venture,Market (Formulaire),2023-05-10 16:18:03,5000,0,0,0,En cours,0,140755,Ahmed NAFAI,Sales,0
Smart Adserver,2461,Jordan Camelo,Affaire Smart Adserver,Market (Formulaire),2023-04-17 11:17:46,42000,0,0,0,En cours,0,140068,Jordan Camelo,Sales,0
So-Tec,2414,Julien Ribeiro,Affaire So-tec,Market (Formulaire),2023-03-15 17:21:42,25000,0,0,0,En cours,ğŸŸ¡ En cours,127064,Julien Ribeiro,Sales,0
Sofyne Active Technology,2477,Ahmed NAFAI,Affaire Sofyne Active Technology,Market (Formulaire),2023-05-02 11:55:30,20000,0,0,0,En cours,0,140491,Ahmed NAFAI,Sales,0
Sogelym - Dixence,2334,Julien Ribeiro,Affaire Sogelym,Market (Formulaire),2023-01-11 14:14:46,7000,2023-01-23 15:26:05,0,Choix de rester avec fournisseur actuel,Perdue,âŒ Deal perdu,138588,Julien Ribeiro,Sales,0
Sogestran,2135,Ahmed NAFAI,Affaire Sogestran,Market (Formulaire),2022-05-11 11:31:05,10000,2022-11-14 09:44:43,0,Plus de rÃ©ponse du prospect,Perdue,0,133059,Maud,Client,0
Sos Oxygene,2303,Jordan Camelo,Affaire Sos Oxygene,RÃ©seau Perso,2022-11-24 15:34:24,50000,0,2023-05-11 16:04:30,0,GagnÃ©e,ğŸŸ¡ En cours,134451,Pagna,Client,0
Speira France,2472,Julien Ribeiro,Affaire Speira France,RÃ©seau Perso,2023-04-25 11:39:16,1200,0,0,0,En cours,0,140066,Julien Ribeiro,Sales,0
Srgdeveloppement,2442,Thibault,Affaire Srgdeveloppement,Market (Formulaire),2023-03-31 16:25:00,25000,2023-04-04 15:42:06,0,Facturation - Avance trÃ©sorerie,Perdue,âŒ Deal perdu,140031,Thibault,Deal perdu,0
Statkraft Renouvelables,2136,Jordan Camelo,Affaire Statkraft Renouvelables,0,2022-05-11 15:34:25,8000,2022-06-21 08:48:24,0,CHOIX GROUPE ETRANGER,Perdue,âŒ Deal perdu,133448,Julien Ribeiro,STOP,0
Studio Marianne GuÃ©ly,2257,Ahmed NAFAI,Affaire Studio Marianne GuÃ©ly,Market (Formulaire),2022-10-21 11:56:23,5000,2023-01-09 11:12:16,0,Sujet non prioritaire,Perdue,âŒ Deal perdu,135641,AlisÃ©e Delon,NURTURING,0
Sunzil,2193,Ahmed NAFAI,Affaire Sunzil,Market (Formulaire),2022-09-05 13:56:07,25000,2022-10-17 14:13:20,0,Taille de notre entreprise Supertripper,Perdue,âŒ Deal perdu,135049,Jordan Camelo,Sales,0
SynÃ©lience,2292,Ahmed NAFAI,Affaire SynÃ©lience,Market (Formulaire),2022-11-14 17:14:19,5000,2023-01-09 11:16:37,0,Sujet non prioritaire,Perdue,âŒ Deal perdu,135350,Julien Ribeiro,Sales,0
Sysmex,2338,Ahmed NAFAI,Affaire Sysmex,Prospection externe,2023-01-13 12:35:55,15000,2023-04-04 14:45:27,0,Plus de rÃ©ponse du prospect,Perdue,âŒ Deal perdu,138608,Ahmed NAFAI,Deal perdu,0
Systelecoms,2456,Ahmed NAFAI,Affaire Systelecoms,Market (Formulaire),2023-04-14 09:38:55,10000,2023-05-09 09:42:07,0,Business Model - Prix pack Ã©levÃ©,Perdue,0,140050,Ahmed NAFAI,Sales,0
Systeme Wolf,2439,Thibault,Affaire Systeme Wolf,Market (Call SDR),2023-03-31 16:13:49,4000,0,0,0,En cours,0,136286,Thibault,Sales,0
Tat Productions,2420,Thibault,Affaire Tat Productions,Market (Formulaire),2023-03-17 16:22:47,5000,0,0,0,En cours,ğŸŸ¡ En cours,139595,Thibault,Sales,0
Teamwork,2300,Ahmed NAFAI,Affaire Teamwork,Market (Formulaire),2022-11-23 17:56:28,6000,2022-12-19 13:18:44,0,Sujet non prioritaire,Perdue,âŒ Deal perdu,33040,Julien Ribeiro,Sales,0
Technopolis France,2215,Ahmed NAFAI,Affaire Technopolis France,Market (Formulaire),2022-09-23 12:28:52,5000,0,2022-11-30 18:55:47,0,GagnÃ©e,ğŸ’œ Client,135510,Pagna,Client,0
Techo,2226,Ahmed NAFAI,Affaire Techo,Market (Formulaire),2022-09-28 15:04:15,5000,2022-11-08 15:22:48,0,Besoin insuffisant,Perdue,âŒ Deal perdu,135536,Ahmed NAFAI,Sales,0
Terreal,2363,Jordan Camelo,Affaire Tereal,Prospection externe,2023-02-01 11:20:17,70000,2023-04-18 11:14:35,0,Business Model - Transaction Fee,Perdue,ğŸŸ¡ En cours,135442,Jordan Camelo,Sales,0
Terres En MÃªlÃ©es,2296,Julien Ribeiro,Affaire Terres en mÃ©lÃ©es,Market (Formulaire),2022-11-16 17:45:49,2000,0,0,0,En cours,ğŸŸ¡ En cours,137530,Julien Ribeiro,Sales,0
Tnp Consultants,2319,Jordan Camelo,Affaire Tnp Consultants,RÃ©seau Perso,2022-12-12 08:57:06,70000,0,2023-01-17 16:47:28,0,GagnÃ©e,ğŸ’œ Client,48019,Pagna,Client,0
Torann France,2252,Ahmed NAFAI,Affaire Torann France,Market (Call SDR),2022-10-19 16:28:28,10000,2022-12-28 15:22:11,0,Plus de rÃ©ponse du prospect,Perdue,âŒ Deal perdu,120943,AlisÃ©e Delon,SDR,0
Transvalor,2238,Ahmed NAFAI,Affaire Transvalor,Market (Formulaire),2022-10-07 12:02:39,20000,2022-12-12 10:12:31,0,Concurrent retenu (prÃ©ciser lequel),Perdue,âŒ Deal perdu,135572,Ahmed NAFAI,Sales,0
Trustinsoft,2235,Ahmed NAFAI,Affaire Trustinsoft,Market (Call SDR),2022-10-05 11:48:18,3500,2022-11-28 10:29:26,0,Concurrent retenu (prÃ©ciser lequel),Perdue,âŒ Deal perdu,128495,Thibault,NURTURING,0
UFE,2173,Julien Ribeiro,Affaire UFE,Market (Formulaire),2022-07-13 09:33:23,3000,2022-11-02 11:10:00,0,Choix de rester avec fournisseur actuel,Perdue,âŒ Deal perdu,134620,Thibault,Offre en cours,0
Umiami,2302,Ahmed NAFAI,Affaire Umiami,Market (Formulaire),2022-11-24 12:09:45,5000,0,2022-12-21 12:14:06,0,GagnÃ©e,ğŸ’œ Client,137718,Pagna,Client,0
Upm Umwelt-Projekt-Management,2377,Thibault,Affaire Upm Umwelt-Projekt-Management,Market (Formulaire),2023-02-09 20:49:50,5000,0,2023-03-06 15:03:02,0,GagnÃ©e,ğŸ’œ Client,139561,Thibault,Client,0
Urbanis Solutions Renovation,2481,Julien Ribeiro,Affaire Urbanis Solutions Renovation,Market (Formulaire),2023-05-05 14:38:49,4000,0,0,0,En cours,0,140754,Julien Ribeiro,Sales,0
VMI,2094,Jordan Camelo,Affaire VMI,Chasse (Sales),2022-03-10 14:10:51,35000,2022-05-18 15:12:23,0,Concurrent retenu (prÃ©ciser lequel),Perdue,âŒ Deal perdu,88560,Jordan Camelo,Sales,0
Valneva,2202,Jordan Camelo,Affaire Valneva,Market (Email),2022-09-13 17:34:57,25000,2022-09-29 17:16:13,0,FonctionnalitÃ© manquante (prÃ©ciser),Perdue,âŒ Deal perdu,127864,Jordan Camelo,NURTURING,0
Valorem,2305,Jordan Camelo,Affaire Valorem,Prospection externe,2022-11-28 10:08:37,42000,0,0,0,En cours,ğŸŸ¡ En cours,132090,Jordan Camelo,Sales,0
Viessmann Industrie France,2144,Jordan Camelo,Affaire Viessmann Industrie France,Prospection externe,2022-05-20 10:51:16,30000,2022-07-01 16:23:17,0,Prix,Perdue,âŒ Deal perdu,129247,Jordan Camelo,Sales,0
VÃ©toquinol,2107,Jordan Camelo,Affaire VÃ©toquinol,Chasse (Sales),2022-03-23 15:46:34,35000,2022-10-03 11:08:21,0,INTERNATIONAL,Perdue,âŒ Deal perdu,88830,Jordan Camelo,Sales,0
WMP,2262,Ahmed NAFAI,Affaire WMP,Market (Formulaire),2022-10-25 11:14:32,25000,2023-01-11 11:05:14,0,Choix de rester avec fournisseur actuel,Perdue,âŒ Deal perdu,135652,Ahmed NAFAI,Sales,0
Wandercraft,2156,Jordan Camelo,Affaire Wandercraft,Market (Formulaire),2022-06-09 17:23:26,10000,2023-01-06 08:07:53,0,Plus de rÃ©ponse du prospect,Perdue,âŒ Deal perdu,132189,Jordan Camelo,Sales,0
Watura,2340,Julien Ribeiro,Affaire Watura,0,2023-01-13 15:52:02,625,0,2023-01-19 15:03:02,0,GagnÃ©e,ğŸ’œ Client,138605,Julien Ribeiro,Client,0
Wedoogift,2147,Jordan Camelo,Affaire Wedoogift,Market (Formulaire),2022-05-25 17:23:45,15000,2022-06-29 17:14:35,0,Prix,Perdue,âŒ Deal perdu,133807,Jordan Camelo,Sales,0
Weishardt,2371,Jordan Camelo,Affaire Weishardt,Chasse (Sales),2023-02-03 11:42:38,33000,0,0,0,En cours,ğŸŸ¡ En cours,31789,Jordan Camelo,Sales,0
Willing,2449,Thibault,Affaire Willing,Market (Formulaire),2023-04-05 15:45:04,25000,0,0,0,En cours,0,140034,Thibault,Sales,0
Windvision France,2191,Jordan Camelo,Affaire Windvision France,Market (Formulaire),2022-09-01 11:12:00,21000,0,2022-10-07 09:06:35,0,GagnÃ©e,ğŸ’œ Client,135047,Pagna,Client,0
Winncare,2322,Ahmed NAFAI,Affaire Winninvest,Market (Formulaire),2022-12-15 13:27:23,20000,0,2022-12-26 10:33:57,0,GagnÃ©e,ğŸ’œ Client,138350,Maud,Client,0
Wiremind,2294,Julien Ribeiro,Affaire Wiremind,Prospection externe,2022-11-16 12:17:01,5000,2022-11-28 15:08:17,0,Pas assez de volume de dÃ©placement pour eux,Perdue,âŒ Deal perdu,130640,AlisÃ©e Delon,SDR,0
Yanmar Compact Equipment,2208,Ahmed NAFAI,Affaire Yanmar Compact Equipment,Market (Chasse SDR ),2022-09-16 17:23:40,40000,0,2022-11-04 10:56:03,0,GagnÃ©e,ğŸ’œ Client,132633,Pagna,Client,0
Yeswehack,2385,Ahmed NAFAI,Affaire Yeswehack,Market (Formulaire),2023-02-15 17:05:48,10000,2023-03-06 17:03:41,0,Concurrent retenu (prÃ©ciser lequel),Perdue,âŒ Deal perdu,128524,Ahmed NAFAI,Sales,0
Youxta,2391,Julien Ribeiro,Affaire Youxta,Market (Formulaire),2023-02-20 14:09:00,1500,2023-03-13 11:41:25,0,Besoin insuffisant,Perdue,âŒ Deal perdu,132378,Julien Ribeiro,Offre en cours,0
Z Production,2160,Jordan Camelo,Affaire Z Production,Market (Formulaire),2022-06-17 09:36:06,5000,2022-08-19 09:42:08,0,Plus de rÃ©ponse du prospect,Perdue,âŒ Deal perdu,133836,Julien Ribeiro,Offre en cours,0
